{"v":"5.8.1","fr":30,"ip":0,"op":150,"w":840,"h":680,"nm":"Comp 1","ddd":0,"assets":[],"layers":[{"ddd":0,"ind":1,"ty":4,"nm":"yellow","sr":1,"ks":{"o":{"a":0,"k":100,"ix":11},"r":{"a":0,"k":0,"ix":10},"p":{"a":0,"k":[420,340,0],"ix":2,"l":2},"a":{"a":0,"k":[0,0,0],"ix":1,"l":2},"s":{"a":0,"k":[100,100,100],"ix":6,"l":2}},"ao":0,"ef":[{"ty":5,"nm":"Glow","np":16,"mn":"ADBE Glo2","ix":1,"en":1,"ef":[{"ty":7,"nm":"Glow Based On","mn":"ADBE Glo2-0001","ix":1,"v":{"a":0,"k":2,"ix":1}},{"ty":0,"nm":"Glow Threshold","mn":"ADBE Glo2-0002","ix":2,"v":{"a":0,"k":74,"ix":2}},{"ty":0,"nm":"Glow Radius","mn":"ADBE Glo2-0003","ix":3,"v":{"a":0,"k":15,"ix":3}},{"ty":0,"nm":"Glow Intensity","mn":"ADBE Glo2-0004","ix":4,"v":{"a":0,"k":1.48,"ix":4}},{"ty":7,"nm":"Composite Original","mn":"ADBE Glo2-0005","ix":5,"v":{"a":0,"k":1,"ix":5}},{"ty":7,"nm":"Glow Operation","mn":"ADBE Glo2-0006","ix":6,"v":{"a":0,"k":3,"ix":6}},{"ty":7,"nm":"Glow Colors","mn":"ADBE Glo2-0007","ix":7,"v":{"a":0,"k":2,"ix":7}},{"ty":7,"nm":"Color Looping","mn":"ADBE Glo2-0008","ix":8,"v":{"a":0,"k":3,"ix":8}},{"ty":0,"nm":"Color Loops","mn":"ADBE Glo2-0009","ix":9,"v":{"a":0,"k":1,"ix":9}},{"ty":0,"nm":"Color Phase","mn":"ADBE Glo2-0010","ix":10,"v":{"a":0,"k":0,"ix":10}},{"ty":0,"nm":"A & B Midpoint","mn":"ADBE Glo2-0011","ix":11,"v":{"a":0,"k":0.5,"ix":11}},{"ty":2,"nm":"Color A","mn":"ADBE Glo2-0012","ix":12,"v":{"a":0,"k":[0.992156922817,0.988235354424,0.274509817362,1],"ix":12}},{"ty":2,"nm":"Color B","mn":"ADBE Glo2-0013","ix":13,"v":{"a":0,"k":[0.996078491211,0.988235354424,0.278431385756,1],"ix":13}},{"ty":7,"nm":"Glow Dimensions","mn":"ADBE Glo2-0014","ix":14,"v":{"a":0,"k":1,"ix":14}}]}],"shapes":[{"ty":"gr","it":[{"ind":0,"ty":"sh","ix":1,"ks":{"a":0,"k":{"i":[[0,0],[0,0],[0,0],[0,0],[0,0],[0,0],[0,0],[0,0],[0,0],[0,0],[0,0],[0,0],[0,0],[0,0],[0,0],[0,0],[0,0],[0,0],[0,0],[0,0],[0,0]],"o":[[0,0],[0,0],[0,0],[0,0],[0,0],[0,0],[0,0],[0,0],[0,0],[0,0],[0,0],[0,0],[0,0],[0,0],[0,0],[0,0],[0,0],[0,0],[0,0],[0,0],[0,0]],"v":[[-501.928,2.048],[-460.905,13.531],[-299.157,12.289],[-280.723,-8.193],[-254.096,26.626],[-229.518,-4.096],[-213.133,225.301],[-192.651,-190.482],[-159.88,28.675],[-131.205,-10.241],[-118.916,12.289],[67.47,10.241],[94.096,-8.193],[122.771,26.626],[149.398,-2.048],[165.783,227.349],[189.68,-185.608],[221.965,40.766],[247.654,-5.854],[271.812,22.147],[532.41,22.53]],"c":false},"ix":2},"nm":"Path 1","mn":"ADBE Vector Shape - Group","hd":false},{"ty":"st","c":{"a":0,"k":[0.16470588235294117,0.615686274509804,0.03137254901960784,1],"ix":3},"o":{"a":0,"k":100,"ix":4},"w":{"a":0,"k":9,"ix":5},"lc":2,"lj":2,"bm":0,"nm":"Stroke 1","mn":"ADBE Vector Graphic - Stroke","hd":false},{"ty":"tr","p":{"a":0,"k":[0,0],"ix":2},"a":{"a":0,"k":[0,0],"ix":1},"s":{"a":0,"k":[100,100],"ix":3},"r":{"a":0,"k":0,"ix":6},"o":{"a":0,"k":100,"ix":7},"sk":{"a":0,"k":0,"ix":4},"sa":{"a":0,"k":0,"ix":5},"nm":"Transform"}],"nm":"Shape 1","np":3,"cix":2,"bm":0,"ix":1,"mn":"ADBE Vector Group","hd":false},{"ty":"tm","s":{"a":1,"k":[{"i":{"x":[0.833],"y":[0.833]},"o":{"x":[0.167],"y":[0.167]},"t":60,"s":[0]},{"t":120.0000048877,"s":[100]}],"ix":1},"e":{"a":1,"k":[{"i":{"x":[0.833],"y":[0.833]},"o":{"x":[0.167],"y":[0.167]},"t":0,"s":[0]},{"t":90.0000036657751,"s":[100]}],"ix":2},"o":{"a":0,"k":0,"ix":3},"m":1,"ix":2,"nm":"Trim Paths 1","mn":"ADBE Vector Filter - Trim","hd":false}],"ip":0,"op":120.0000048877,"st":0,"bm":0},{"ddd":0,"ind":2,"ty":4,"nm":"dark","sr":1,"ks":{"o":{"a":0,"k":100,"ix":11},"r":{"a":0,"k":0,"ix":10},"p":{"a":0,"k":[420,340,0],"ix":2,"l":2},"a":{"a":0,"k":[0,0,0],"ix":1,"l":2},"s":{"a":0,"k":[100,100,100],"ix":6,"l":2}},"ao":0,"ef":[{"ty":5,"nm":"Glow","np":16,"mn":"ADBE Glo2","ix":1,"en":1,"ef":[{"ty":7,"nm":"Glow Based On","mn":"ADBE Glo2-0001","ix":1,"v":{"a":0,"k":2,"ix":1}},{"ty":0,"nm":"Glow Threshold","mn":"ADBE Glo2-0002","ix":2,"v":{"a":0,"k":74,"ix":2}},{"ty":0,"nm":"Glow Radius","mn":"ADBE Glo2-0003","ix":3,"v":{"a":0,"k":15,"ix":3}},{"ty":0,"nm":"Glow Intensity","mn":"ADBE Glo2-0004","ix":4,"v":{"a":0,"k":1.48,"ix":4}},{"ty":7,"nm":"Composite Original","mn":"ADBE Glo2-0005","ix":5,"v":{"a":0,"k":1,"ix":5}},{"ty":7,"nm":"Glow Operation","mn":"ADBE Glo2-0006","ix":6,"v":{"a":0,"k":3,"ix":6}},{"ty":7,"nm":"Glow Colors","mn":"ADBE Glo2-0007","ix":7,"v":{"a":0,"k":2,"ix":7}},{"ty":7,"nm":"Color Looping","mn":"ADBE Glo2-0008","ix":8,"v":{"a":0,"k":3,"ix":8}},{"ty":0,"nm":"Color Loops","mn":"ADBE Glo2-0009","ix":9,"v":{"a":0,"k":1,"ix":9}},{"ty":0,"nm":"Color Phase","mn":"ADBE Glo2-0010","ix":10,"v":{"a":0,"k":0,"ix":10}},{"ty":0,"nm":"A & B Midpoint","mn":"ADBE Glo2-0011","ix":11,"v":{"a":0,"k":0.5,"ix":11}},{"ty":2,"nm":"Color A","mn":"ADBE Glo2-0012","ix":12,"v":{"a":0,"k":[0.992156922817,0.988235354424,0.274509817362,1],"ix":12}},{"ty":2,"nm":"Color B","mn":"ADBE Glo2-0013","ix":13,"v":{"a":0,"k":[0.996078491211,0.988235354424,0.278431385756,1],"ix":13}},{"ty":7,"nm":"Glow Dimensions","mn":"ADBE Glo2-0014","ix":14,"v":{"a":0,"k":1,"ix":14}}]}],"shapes":[{"ty":"gr","it":[{"ind":0,"ty":"sh","ix":1,"ks":{"a":0,"k":{"i":[[0,0],[0,0],[0,0],[0,0],[0,0],[0,0],[0,0],[0,0],[0,0],[0,0],[0,0],[0,0],[0,0],[0,0],[0,0],[0,0],[0,0],[0,0],[0,0],[0,0],[0,0]],"o":[[0,0],[0,0],[0,0],[0,0],[0,0],[0,0],[0,0],[0,0],[0,0],[0,0],[0,0],[0,0],[0,0],[0,0],[0,0],[0,0],[0,0],[0,0],[0,0],[0,0],[0,0]],"v":[[-501.928,2.048],[-460.905,13.531],[-299.157,12.289],[-280.723,-8.193],[-254.096,26.626],[-229.518,-4.096],[-213.133,225.301],[-192.651,-190.482],[-159.88,28.675],[-131.205,-10.241],[-118.916,12.289],[67.47,10.241],[94.096,-8.193],[122.771,26.626],[149.398,-2.048],[165.783,227.349],[189.68,-185.608],[221.965,40.766],[247.654,-5.854],[271.812,22.147],[532.41,22.53]],"c":false},"ix":2},"nm":"Path 1","mn":"ADBE Vector Shape - Group","hd":false},{"ty":"st","c":{"a":0,"k":[0.7215686274509804,0.9137254901960784,0.5254901960784314,1],"ix":3},"o":{"a":0,"k":35,"ix":4},"w":{"a":0,"k":9,"ix":5},"lc":2,"lj":2,"bm":0,"nm":"Stroke 1","mn":"ADBE Vector Graphic - Stroke","hd":false},{"ty":"tr","p":{"a":0,"k":[0,0],"ix":2},"a":{"a":0,"k":[0,0],"ix":1},"s":{"a":0,"k":[100,100],"ix":3},"r":{"a":0,"k":0,"ix":6},"o":{"a":0,"k":100,"ix":7},"sk":{"a":0,"k":0,"ix":4},"sa":{"a":0,"k":0,"ix":5},"nm":"Transform"}],"nm":"Shape 1","np":3,"cix":2,"bm":0,"ix":1,"mn":"ADBE Vector Group","hd":false},{"ty":"tm","s":{"a":1,"k":[{"i":{"x":[0.833],"y":[0.833]},"o":{"x":[0.167],"y":[0.167]},"t":69,"s":[0]},{"t":129.000005254278,"s":[100]}],"ix":1},"e":{"a":1,"k":[{"i":{"x":[0.833],"y":[0.833]},"o":{"x":[0.167],"y":[0.167]},"t":9,"s":[0]},{"t":99.0000040323527,"s":[100]}],"ix":2},"o":{"a":0,"k":0,"ix":3},"m":1,"ix":2,"nm":"Trim Paths 1","mn":"ADBE Vector Filter - Trim","hd":false}],"ip":9.00000036657752,"op":129.000005254278,"st":9.00000036657752,"bm":0}],"markers":[]}